SYMBOL,IPO_DATE,NAME,IPO_PRICE,CURRENT,RETURN,THREE_MTH_DATE,THREE_MTH_RETURN
MRM,2020-12-29,Medirom Healthcare,15.0,10.3,-0.3133,2021-03-29,0
VTAQ,2020-12-24,Ventoux CCM Acquisition,10.0,9.89,-0.011000000000000001,2021-03-24,0
IKT,2020-12-23,Inhibikase Therapeutics,10.0,6.21,-0.379,2021-03-23,0
GBS,2020-12-23,"GBS, Inc.",17.0,6.81,-0.5994,2021-03-23,0
HCAR,2020-12-23,Healthcare Services Acquisition,10.0,9.85,-0.0155,2021-03-23,0
CFIV,2020-12-23,CF Acquisition IV,10.0,9.89,-0.011000000000000001,2021-03-23,0
VII,2020-12-23,7GC & Co. Holdings,10.0,9.85,-0.015,2021-03-23,0
VHAQ,2020-12-23,Viveon Health Acquisition,10.0,9.84,-0.016,2021-03-23,0
ACKIT,2020-12-21,Ackrell SPAC Partners I,10.0,9.99,-0.001,2021-03-21,0
SVOK,2020-12-18,Seven Oaks Acquisition,10.0,9.91,-0.009000000000000001,2021-03-18,10.045
GFX,2020-12-18,Golden Falcon Acquisition,10.0,9.83,-0.017,2021-03-18,9.7516
MASS,2020-12-18,908 Devices,20.0,53.8,1.69,2021-03-18,49.38
DUNE,2020-12-18,Dune Acquisition,10.0,9.74,-0.026000000000000002,2021-03-18,9.76
MTAC,2020-12-18,MedTech Acquisition,10.0,9.94,-0.006,2021-03-18,9.88
IIII,2020-12-18,Insu Acquisition III,10.0,9.95,-0.005,2021-03-18,9.97
MDWT,2020-12-17,Midwest Holding,70.0,51.02,-0.2711,2021-03-17,51.02
SCOA,2020-12-17,ScION Tech Growth I,10.0,9.92,-0.008,2021-03-17,9.92
COOL,2020-12-17,Corner Growth Acquisition,10.0,9.83,-0.017,2021-03-17,9.89
VIRI,2020-12-17,Virios Therapeutics,10.0,6.16,-0.384,2021-03-17,6.16
WISH,2020-12-16,ContextLogic,24.0,18.84,-0.215,2021-03-16,18.34
UPST,2020-12-16,Upstart Holdings,20.0,60.79,2.0395,2021-03-16,60.05
CCV,2020-12-16,Churchill Capital V,10.0,10.27,0.027000000000000003,2021-03-16,10.33
SCPS,2020-12-16,Scopus Biopharma,5.5,9.89,0.7982,2021-03-16,9.88
BCAB,2020-12-16,BioAtla,18.0,66.96,2.72,2021-03-16,66.53
WNW,2020-12-15,Wunong Net Technology,5.0,11.48,1.296,2021-03-15,12.28
KINZ,2020-12-15,Kins Technology Group,10.0,9.85,-0.015,2021-03-15,9.87
MRAC,2020-12-15,Marquee Raine Acquisition,10.0,10.14,0.013999999999999999,2021-03-15,10.25
OCG,2020-12-15,Oriental Culture Holding,4.0,10.6,1.65,2021-03-15,9.3
BLUW,2020-12-15,Blue Water Acquisition,10.0,10.01,0.001,2021-03-15,10.05
ATA,2020-12-15,Americas Technology Acquisition,10.0,9.92,-0.008,2021-03-15,9.87
ABCL,2020-12-11,AbCellera Biologics,20.0,36.29,0.8145,2021-03-11,36.0
NBTX,2020-12-11,Nanobiotix,13.5,16.05,0.1889,2021-03-11,16.65
FDMT,2020-12-11,4D Molecular Therapeutics,23.0,45.55,0.9804,2021-03-11,50.75
DWIN,2020-12-11,Delwinds Insurance Acquisition,10.0,9.82,-0.018000000000000002,2021-03-11,9.8
ROCC,2020-12-11,Roth CH Acquisition II,10.0,10.05,0.005,2021-03-11,10.3
GLAQ,2020-12-11,Globis Acquisition,10.0,9.95,-0.005,2021-03-11,9.95
MOTV,2020-12-11,Motive Capital,10.0,9.98,-0.002,2021-03-11,10.0
EDTX,2020-12-11,EdtechX Holdings Acquisition II,10.0,9.83,-0.017,2021-03-11,9.94
SNRH,2020-12-11,Senior Connect Acquisition I,10.0,9.91,-0.009000000000000001,2021-03-11,9.91
GHVI,2020-12-11,Gores Holdings VI,10.0,15.78,0.578,2021-03-11,17.0
TVAC,2020-12-11,Thayer Ventures Acquisition,10.0,9.96,-0.004,2021-03-11,9.99
CBAH,2020-12-11,CBRE Acquisition,10.0,9.95,-0.005,2021-03-11,10.18
VVOS,2020-12-11,Vivos Therapeutics,6.0,7.44,0.24,2021-03-11,6.97
CERT,2020-12-11,Certara,23.0,31.51,0.37,2021-03-11,27.0
RMGB,2020-12-10,RMG Acquisition II,10.0,10.3,0.03,2021-03-10,10.41
HYFM,2020-12-10,Hydrofarm,20.0,62.88,2.144,2021-03-10,56.13
ABNB,2020-12-10,Airbnb,68.0,201.36,1.9612,2021-03-10,183.79
CTAQ,2020-12-10,Carney Technology Acquisition II,10.0,9.84,-0.016,2021-03-10,9.92
PCPC,2020-12-10,Periphas Capital Partnering,25.0,24.71,-0.0114,2021-03-10,24.67
NEBC,2020-12-09,Nebula Caravel Acquisition,10.0,9.97,-0.003,2021-03-09,9.9306
DASH,2020-12-09,DoorDash,102.0,133.8,0.3118,2021-03-09,141.48
HMCO,2020-12-09,HumanCo Acquisition,10.0,10.33,0.033,2021-03-09,10.21
PUBM,2020-12-09,PubMatic,20.0,51.04,1.5519999999999998,2021-03-09,50.2
ALTU,2020-12-09,Altitude Acquisition,10.0,10.39,0.039,2021-03-09,10.45
AI,2020-12-09,C3.ai,42.0,80.56,0.9181,2021-03-09,84.91
FLAC,2020-12-09,Frazier Lifesciences Acquisition,10.0,9.92,-0.008,2021-03-09,10.0025
CND,2020-12-08,Concord Acquisition,10.0,9.84,-0.016,2021-03-08,9.94
DDMX,2020-12-08,DD3 Acquisition II,10.0,9.76,-0.024,2021-03-08,9.92
MUDS,2020-12-08,Mudrick Capital Acquisition II,10.0,9.87,-0.013000000000000001,2021-03-08,9.95
RAAC,2020-12-08,Revolution Acceleration Acquisition,10.0,10.59,0.059000000000000004,2021-03-08,10.56
YQ,2020-12-04,17 Education & Technology,10.5,10.23,-0.0257,2021-03-04,11.1
SBTX,2020-12-04,Silverback Therapeutics,21.0,60.41,1.8767,2021-03-04,46.26
SEER,2020-12-04,"Seer, Inc",19.0,54.72,1.88,2021-03-04,50.18
SGTX,2020-12-04,Sigilon Therapeutics,18.0,24.64,0.3689,2021-03-04,21.86
FTCV,2020-12-04,FinTech Acquisition V,10.0,12.9,0.29,2021-03-04,10.21
PTIC,2020-12-04,Proptech Investment II,10.0,9.92,-0.008,2021-03-04,9.91
FPAC,2020-12-03,Far Peak Acquisition,10.0,9.97,-0.003,2021-03-03,10.0
HTPA,2020-12-03,Highland Transcend Partners I,10.0,10.0,0.0,2021-03-03,10.47
KNTE,2020-12-03,Kinnate Biopharma,20.0,37.0,0.85,2021-03-03,34.28
LOKB,2020-12-03,Live Oak Acquisition II,10.0,10.1,0.01,2021-03-03,10.29
DCBO,2020-12-03,Docebo,52.21,42.75,-0.1812,2021-03-03,42.4
SPFR,2020-12-03,Jaws Spitfire Acquisition,10.0,10.39,0.039,2021-03-03,10.43
RSVA,2020-12-02,Rodgers Silicon Valley Acquisition,10.0,15.13,0.513,2021-03-02,18.14
TACA,2020-12-02,Trepont Acquisition I,10.0,9.98,-0.002,2021-03-02,10.06
CAP,2020-12-02,Capitol Investment V,10.0,10.2,0.02,2021-03-02,9.97
SGAM,2020-11-30,Seaport Global Acquisition,10.0,9.87,-0.013000000000000001,2021-02-28,0
FRX,2020-11-25,Forest Road Acquisition,10.0,10.94,0.094,2021-02-25,12.64
SPRQ,2020-11-25,Spartan Acquisition II,10.0,10.5,0.05,2021-02-25,11.14
HFEN,2020-11-24,HF Enterprises,7.0,6.15,-0.1214,2021-02-24,17.75
OZON,2020-11-24,Ozon Holdings,30.0,56.52,0.884,2021-02-24,61.77
SV,2020-11-24,Spring Valley Acquisition,10.0,10.03,0.003,2021-02-24,10.8
VMAR,2020-11-24,Vision Marine Technologies,10.0,9.56,-0.044000000000000004,2021-02-24,11.91
GNPK,2020-11-24,Genesis Park Acquisition,10.0,9.93,-0.006999999999999999,2021-02-24,10.75
VCVC,2020-11-24,10X Capital Venture Acquisition,10.0,10.72,0.07200000000000001,2021-02-24,11.67
TINV,2020-11-24,Tiga Acquisition,10.0,10.15,0.015,2021-02-24,10.77
BREZ,2020-11-23,Breeze Holdings Acquisition,10.0,10.01,0.001,2021-02-23,10.31
LSAQ,2020-11-20,LifeSci Acquisition II,10.0,10.38,0.038,2021-02-20,0
ARBG,2020-11-20,Aequi Acquisition,10.0,9.93,-0.006999999999999999,2021-02-20,0
MRVI,2020-11-20,Maravai LifeSciences,27.0,37.48,0.3881,2021-02-20,0
CAS,2020-11-20,Cascade Acquisition,10.0,9.9,-0.01,2021-02-20,0
SHC,2020-11-20,Sotera Health,23.0,27.74,0.2061,2021-02-20,0
KWAC,2020-11-20,Kingswood Acquisition,10.0,9.97,-0.003,2021-02-20,0
OCA,2020-11-20,Omnichannel Acquisition,10.0,9.9,-0.01,2021-02-20,0
IIAC,2020-11-19,Investindustrial Acquisition,10.0,9.88,-0.012,2021-02-19,10.71
NGMS,2020-11-19,NeoGames,17.0,39.85,1.3441,2021-02-19,30.85
LNFA,2020-11-19,L&F Acquisition,10.0,9.99,-0.001,2021-02-19,10.34
RTPZ,2020-11-19,Reinvent Technology Partners Z,10.0,10.39,0.039,2021-02-19,14.07
TLS,2020-11-19,Telos,17.0,35.84,1.1082,2021-02-19,35.59
YSG,2020-11-19,Yatsen Holding,10.5,14.95,0.4238,2021-02-19,21.72
OLMA,2020-11-19,Olema Pharmaceuticals,19.0,49.67,1.6142,2021-02-19,53.64
JYAC,2020-11-19,Jiya Acquisition,10.0,10.01,0.001,2021-02-19,11.22
CHFW,2020-11-19,Consonance-HFW Acquisition,10.0,9.88,-0.012,2021-02-19,10.61
PHIC,2020-11-18,Population Health Investment,10.0,9.85,-0.015,2021-02-18,10.45
DGNS,2020-11-17,Dragoneer Growth Opportunities II,10.0,10.85,0.085,2021-02-17,12.65
PIPP,2020-11-17,Pine Island Acquisition,10.0,10.18,0.018000000000000002,2021-02-17,12.36
OTRA,2020-11-17,OTR Acquisition,10.0,9.98,-0.002,2021-02-17,10.4
ZNTE,2020-11-17,Zanite Acquisition,10.0,10.24,0.024,2021-02-17,12.52
HAAC,2020-11-13,Health Assurance Acquisition,10.0,11.04,0.10400000000000001,2021-02-13,0
CFAC,2020-11-13,CF Finance Acquisition III,10.0,10.1,0.01,2021-02-13,0
BWAC,2020-11-13,Better World Acquisition,10.0,9.97,-0.003,2021-02-13,0
DMYI,2020-11-13,dMY Technology Group III,10.0,11.0,0.1,2021-02-13,0
STIC,2020-11-11,Northern Star Acquisition,10.0,11.62,0.162,2021-02-11,14.74
NOAC,2020-11-11,Natural Order Acquisition,10.0,10.23,0.023,2021-02-11,11.17
TSIA,2020-11-10,TS Innovation Acquisitions,10.0,13.02,0.302,2021-02-10,16.67
ADOC,2020-11-10,Edoc Acquisition,10.0,10.01,0.001,2021-02-10,10.3
DBDR,2020-11-06,Roman DBDR Tech Acquisition,10.0,10.03,0.003,2021-02-06,0
NBA,2020-10-30,New Beginnings Acquisition,10.0,10.0,0.0,2021-01-30,0
LU,2020-10-30,Lufax Holding,13.5,14.95,0.1074,2021-01-30,0
CONX,2020-10-30,CONX Corp.,10.0,10.08,0.008,2021-01-30,0
SQZ,2020-10-30,SQZ Biotechnologies,16.0,15.46,-0.0337,2021-01-30,0
JUPW,2020-10-30,Jupiter Wellness,7.5,5.58,-0.256,2021-01-30,0
BHSE,2020-10-30,Bull Horn Holdings,10.0,9.99,-0.001,2021-01-30,0
AVIR,2020-10-30,Atea Pharmaceuticals,24.0,77.41,2.2254,2021-01-30,0
ALGM,2020-10-29,Allegro MicroSystems,14.0,26.92,0.9229,2021-01-29,27.92
LESL,2020-10-29,Leslie's,17.0,23.05,0.3559,2021-01-29,28.6
GLTO,2020-10-29,Galecto,15.0,8.0,-0.4667,2021-01-29,12.39
DSAC,2020-10-29,Duddell Street Acquisition,10.0,9.95,-0.005,2021-01-29,10.08
ROOT,2020-10-28,"Root, Inc.",27.0,11.29,-0.5819,2021-01-28,20.53
GATO,2020-10-28,Gatos Silver,7.0,15.63,1.2329,2021-01-28,13.06
BOAC,2020-10-28,Bluescape Opportunities Acquisition,10.0,9.98,-0.002,2021-01-28,10.65
ACIC,2020-10-28,Atlas Crest Investment,10.0,10.44,0.044000000000000004,2021-01-28,10.44
AJAX,2020-10-28,Ajax I,10.0,10.45,0.045,2021-01-28,11.66
BDSX,2020-10-28,Biodesix,18.0,23.73,0.3183,2021-01-28,24.75
ABST,2020-10-28,Absolute Software,11.0,15.05,0.3682,2021-01-28,12.94
MAX,2020-10-28,MediaAlpha,19.0,55.79,1.9363,2021-01-28,52.6
MACU,2020-10-27,Mallard Acquisition,10.0,9.89,-0.011000000000000001,2021-01-27,10.12
LUXA,2020-10-27,Lux Health Tech Acquisition,10.0,10.49,0.049,2021-01-27,10.96
ATAC,2020-10-23,Altimar Acquisition,10.0,9.95,-0.005,2021-01-23,0
FHTX,2020-10-23,Foghorn Therapeutics,16.0,12.12,-0.2425,2021-01-23,0
EUCR,2020-10-23,Eucrates Biomedical Acquisition,10.0,10.09,0.009000000000000001,2021-01-23,0
ACAC,2020-10-23,Acies Acquisition,10.0,10.07,0.006999999999999999,2021-01-23,0
MCFE,2020-10-22,McAfee,20.0,23.93,0.1965,2021-01-22,19.19
TEKK,2020-10-22,Tekkorp Digital Acquisition,10.0,10.08,0.008,2021-01-22,10.5
ABCM,2020-10-22,Abcam PLC,17.5,21.24,0.2137,2021-01-22,23.59
GHLD,2020-10-22,Guild Holdings Company,15.0,14.75,-0.0167,2021-01-22,16.1
YSAC,2020-10-22,Yellowstone Acquisition,10.0,10.01,0.001,2021-01-22,10.33
RICE,2020-10-22,Rice Acquisition,10.0,10.28,0.027999999999999997,2021-01-22,12.32
CTAC,2020-10-22,Cerberus Telecom Acquisition,10.0,9.99,-0.001,2021-01-22,10.45
BLSA,2020-10-22,BCLS Acquisition,10.0,10.85,0.085,2021-01-22,10.86
HIGA,2020-10-21,H.I.G. Acquisition,10.0,10.03,0.003,2021-01-21,10.34
SRSA,2020-10-21,Sarissa Capital Acquisition,10.0,10.16,0.016,2021-01-21,10.38
MSP,2020-10-21,Datto,27.0,26.72,-0.0104,2021-01-21,26.45
SPNV,2020-10-21,Supernova Partners Acquisition,10.0,10.67,0.067,2021-01-21,11.33
XPOA,2020-10-21,DPCM Capital,10.0,10.1,0.01,2021-01-21,10.84
YGMZ,2020-10-21,MingZhu Logistics,4.0,5.77,0.4425,2021-01-21,12.77
LFTR,2020-10-21,Lefteris Acquisition,10.0,10.08,0.008,2021-01-21,10.91
DCRB,2020-10-20,Decarbonization Plus Acquisition,10.0,11.16,0.11599999999999999,2021-01-20,12.26
GWAC,2020-10-20,Good Works Acquisition,10.0,11.24,0.124,2021-01-20,10.24
HLXA,2020-10-20,Helix Acquisition,10.0,10.51,0.051,2021-01-20,11.0
HZON,2020-10-20,Horizon Acquisition II,10.0,10.84,0.084,2021-01-20,10.58
BTWN,2020-10-16,Bridgetown Holdings,10.0,12.25,0.225,2021-01-16,0
EAR,2020-10-16,Eargo,18.0,55.14,2.0633,2021-01-16,0
TARS,2020-10-16,Tarsus Pharmaceuticals,16.0,32.82,1.0513,2021-01-16,0
KRBP,2020-10-16,Kiromic BioPharma,12.0,10.07,-0.1608,2021-01-16,0
OPT,2020-10-16,Opthea,13.5,10.13,-0.2496,2021-01-16,0
PRAX,2020-10-16,Praxis Precision Medicines,19.0,42.51,1.2374,2021-01-16,0
TMPM,2020-10-16,Turmeric Acquisition,10.0,9.97,-0.003,2021-01-16,0
ALGS,2020-10-16,Aligos Therapeutics,15.0,25.33,0.6887,2021-01-16,0
TMTS,2020-10-15,Spartacus Acquisition,10.0,9.91,-0.009000000000000001,2021-01-15,10.29
EBC,2020-10-15,Eastern Bankshares,10.0,19.34,0.934,2021-01-15,16.39
ARRY,2020-10-15,Array Technologies,22.0,31.61,0.4368,2021-01-15,45.93
MNSO,2020-10-15,Miniso Group,20.0,24.0,0.2,2021-01-15,28.59
MOTN,2020-10-15,Motion Acquisition,10.0,9.92,-0.008,2021-01-15,10.5
FVAM,2020-10-14,5:01 Acquisition,10.0,10.1,0.01,2021-01-14,10.56
CDAK,2020-10-14, Codiak BioSciences,15.0,18.06,0.204,2021-01-14,29.73
IPOD,2020-10-09,Social Capital Hedosophia IV,10.0,11.82,0.182,2021-01-09,0
IPOE,2020-10-09,Social Capital Hedosophia V,10.0,19.15,0.915,2021-01-09,0
IPOF,2020-10-09,Social Capital Hedosophia VI,10.0,11.63,0.163,2021-01-09,0
INTZ,2020-10-09,Intrusion,8.0,25.7,2.2125,2021-01-09,0
SPRB,2020-10-09,Spruce Biosciences,15.0,19.42,0.2947,2021-01-09,0
STTK,2020-10-09,Shattuck Labs,17.0,37.77,1.2218,2021-01-09,0
KRON,2020-10-09,Kronos Bio,19.0,28.34,0.4916,2021-01-09,0
LCY,2020-10-09,Landcadia Holdings III,10.0,10.55,0.055,2021-01-09,0
IH,2020-10-09,iHuman,12.0,15.1,0.2583,2021-01-09,0
PAIC,2020-10-08,Petra Acquisition,10.0,9.97,-0.003,2021-01-08,10.25
FUBO,2020-10-08,FuboTV,10.0,32.05,2.205,2021-01-08,27.31
AZYO,2020-10-08,Aziyo Biologics,17.0,13.92,-0.1812,2021-01-08,14.05
NGAC,2020-10-07,NextGen Acquisition,10.0,10.42,0.042,2021-01-07,10.18
MAAC,2020-10-07,Montes Archimedes Acquisition,10.0,9.85,-0.015,2021-01-07,10.05
EMPW,2020-10-07,Empower,10.0,10.1,0.01,2021-01-07,10.11
SQFT,2020-10-07,Presidio Property Trust,5.0,3.71,-0.258,2021-01-07,3.76
PACE,2020-10-07,TPG Pace Tech Opportunities,10.0,10.25,0.025,2021-01-07,11.34
TPGY,2020-10-07,TPG Pace Beneficial Finance,10.0,19.54,0.9540000000000001,2021-01-07,26.58
FMAC,2020-10-06,FirstMark Horizon Acquisition,10.0,10.47,0.047,2021-01-06,10.75
APSG,2020-10-02,Apollo Strategic Growth Capital,10.0,10.12,0.012,2021-01-02,0
IMNM,2020-10-02,Immunome,12.0,30.29,1.5242,2021-01-02,0
AVAN,2020-10-02,Avanti Acquisition,10.0,10.0,0.0,2021-01-02,0
ASAQ,2020-10-02,Atlantic Street Acquisition,10.0,9.86,-0.013999999999999999,2021-01-02,0
IACA,2020-10-02,ION Acquisition Corp 1,10.0,10.84,0.084,2021-01-02,0
SEAH,2020-10-02,Sports Entertainment Acquisition,10.0,9.99,-0.001,2021-01-02,0
ASO,2020-10-02,Academy Sports and Outdoors,13.0,25.16,0.9354,2021-01-02,0
ONCR,2020-10-02,Oncorus,15.0,16.38,0.092,2021-01-02,0
CCCC,2020-10-02,C4 Therapeutics,19.0,43.73,1.3016,2021-01-02,0
VGAC,2020-10-02,VG Acquisition,10.0,10.5,0.05,2021-01-02,0
VYGG,2020-10-02,Vy Global Growth,10.0,10.59,0.059000000000000004,2021-01-02,0
IMPX,2020-10-01,AEA-Bridges Impact Corp,10.0,9.91,-0.009000000000000001,2021-01-01,0
LXEH,2020-10-01,Lixiang Education,9.25,9.0,-0.027000000000000003,2021-01-01,0
THRY,2020-10-01,Thryv Holdings,10.17,19.0,0.8682,2021-01-01,0
AGC,2020-10-01,Altimeter Growth Corp.,10.0,12.85,0.285,2021-01-01,0
AVO,2020-10-01,Mission Produce,12.0,20.51,0.7092,2021-01-01,0
IGAC,2020-10-01,IG Acquisition,10.0,9.95,-0.005,2021-01-01,0
LUNG,2020-10-01,Pulmonx,19.0,59.85,2.15,2021-01-01,0
RCHG,2020-10-01,Recharge Acquisition,10.0,9.93,-0.006999999999999999,2021-01-01,0
BQ,2020-09-30,Boqii Holding,10.0,6.09,-0.391,2020-12-30,5.08
VSPR,2020-09-30,Vesper Healthcare Acquisition,10.0,11.22,0.122,2020-12-30,11.36
PLTR,2020-09-30,Palantir,7.25,25.21,2.4772,2020-12-30,25.1
QELL,2020-09-30,Qell Acquisition,10.0,10.4,0.04,2020-12-30,12.42
CD,2020-09-30,Chindata Group,13.5,18.85,0.3963,2020-12-30,20.3
ASAN,2020-09-30,Asana,21.0,33.03,0.5729,2020-12-30,29.12
YALA,2020-09-30,Yalla Group,7.5,28.2,2.76,2020-12-30,15.25
CLII,2020-09-30,Climate Change Crisis Real Impact I,10.0,12.68,0.268,2020-12-30,10.74
FGNA,2020-09-30,FG New America Acquisition,10.0,10.15,0.015,2020-12-30,10.19
ORPH,2020-09-29,Orphazyme,11.0,12.7,0.1545,2020-12-29,11.22
AMST,2020-09-25,Amesite,5.0,5.26,0.052000000000000005,2020-12-25,0
FTIV,2020-09-25,FinTech Acquisition IV,10.0,11.14,0.114,2020-12-25,0
VACQ,2020-09-25,Vector Acquisition,10.0,11.99,0.19899999999999998,2020-12-25,0
SYTA,2020-09-25,Siyata Mobile,7.25,9.22,0.2717,2020-12-25,0
PRLD,2020-09-25,Prelude Therapeutics,19.0,56.32,1.9642,2020-12-25,0
GLSI,2020-09-25,Greenwich LifeSciences,5.75,29.4,4.113,2020-12-25,0
PMVP,2020-09-25,PMV Pharmaceuticals,18.0,39.95,1.2194,2020-12-25,0
GRAY,2020-09-25,Graybug Vision,16.0,7.82,-0.5113,2020-12-25,0
VIAO,2020-09-25,VIA optronics AG,15.0,13.2,-0.12,2020-12-25,0
TSHA,2020-09-24,Taysha Gene Therapies,20.0,24.67,0.2335,2020-12-24,27.2
PDAC,2020-09-24,Peridot Acquisition,10.0,10.76,0.076,2020-12-24,10.25
ACTC,2020-09-23,ArcLight Clean Transition,10.0,18.25,0.825,2020-12-23,11.0
CRSR,2020-09-23,Corsair Gaming,17.0,34.25,1.0147,2020-12-23,38.83
VIH,2020-09-23,VPC Impact Acquisition,10.0,15.07,0.507,2020-12-23,10.2111
GDRX,2020-09-23,GoodRx Holdings,33.0,37.42,0.1339,2020-12-23,47.59
LSF,2020-09-23,Laird Superfood,22.0,36.37,0.6532,2020-12-23,55.79
ASPL,2020-09-23,Aspirational Consumer Lifestyle Corp.,10.0,10.37,0.037000000000000005,2020-12-23,9.99
BSY,2020-09-23,Bentley Systems,22.0,43.86,0.9936,2020-12-23,39.48
FCAC,2020-09-22,Falcon Capital Acquisition,10.0,10.21,0.021,2020-12-22,10.5
PMVC,2020-09-22,PMV Consumer Acquisition,10.0,9.88,-0.012,2020-12-22,10.03
CMPS,2020-09-18,COMPASS Pathways,17.0,42.76,1.5153,2020-12-18,56.99
AHAC,2020-09-18,Alpha Healthcare Acquisition,10.0,10.88,0.08800000000000001,2020-12-18,9.95
U,2020-09-18,Unity Software,52.0,108.98,1.0958,2020-12-18,157.77
VTRU,2020-09-18,Vitru,16.0,14.7,-0.0813,2020-12-18,14.73
ATHA,2020-09-18,Athira Pharma,17.0,20.66,0.2153,2020-12-18,30.94
NMMC,2020-09-18,North Mountain Merger,10.0,10.15,0.015,2020-12-18,10.5
STWO,2020-09-17,ACON S2 Acquisition,10.0,9.98,-0.002,2020-12-17,10.3
DYN,2020-09-17,Dyne Therapeutics,19.0,16.57,-0.1279,2020-12-17,20.24
AMWL,2020-09-17,Amwell,18.0,21.04,0.1689,2020-12-17,28.34
SUMO,2020-09-17,Sumo Logic,22.0,21.0,-0.0455,2020-12-17,29.39
OACB,2020-09-17,Oaktree Acquisition II,10.0,10.24,0.024,2020-12-17,10.35
PTVE,2020-09-17,Pactiv Evergreen,14.0,16.82,0.2014,2020-12-17,17.46
RTP,2020-09-17,Reinvent Technology Partners,10.0,10.93,0.09300000000000001,2020-12-17,11.12
BNL,2020-09-17,Broadstone Net Lease,17.0,18.35,0.0794,2020-12-17,19.77
EQD,2020-09-16,Equity Distribution Acquisition,10.0,10.03,0.003,2020-12-16,10.24
STEP,2020-09-16,StepStone Group,18.0,30.96,0.72,2020-12-16,32.22
SNOW,2020-09-16,Snowflake,120.0,230.3,0.9192,2020-12-16,329.97
ENPC,2020-09-16,Executive Network Partnering,25.0,24.4,-0.024,2020-12-16,24.745
MTCR,2020-09-16,Metacrine,13.0,8.04,-0.3815,2020-12-16,9.81
FROG,2020-09-16,JFrog,44.0,47.55,0.0807,2020-12-16,63.2
SBG,2020-09-15,Sandbridge Acquisition,10.0,9.97,-0.003,2020-12-15,9.89
OM,2020-09-15,Outset Medical,27.0,48.78,0.8067,2020-12-15,51.99
SAII,2020-09-15,Software Acquisition Group II,10.0,10.68,0.068,2020-12-15,9.91
SNPR,2020-09-11,Tortoise Acquisition II,10.0,10.91,0.091,2020-12-11,11.0
TWCT,2020-09-11,TWC Tech Holdings II,10.0,10.0,0.0,2020-12-11,10.33
LEAP,2020-09-11,Ribbit LEAP,10.0,12.74,0.27399999999999997,2020-12-11,13.33
LSPD,2020-09-11,Lightspeed POS,30.5,68.72,1.2531,2020-12-11,59.07
BSN,2020-09-11,Broadstone Acquisition,10.0,9.89,-0.011000000000000001,2020-12-11,9.89
SVAC,2020-09-10,Starboard Value Acquisition,10.0,10.1,0.01,2020-12-10,10.08
PIAI,2020-09-10,Prime Impact Acquisition I,10.0,9.96,-0.004,2020-12-10,9.9
NSH,2020-09-10,NavSight Holdings,10.0,10.3,0.03,2020-12-10,9.87
CRHC,2020-09-09,Cohn Robbins Holdings,10.0,10.24,0.024,2020-12-09,10.01
ITAC,2020-09-09,Industrial Tech Acquisitions,10.0,9.98,-0.002,2020-12-09,9.99
TWND,2020-09-04,Tailwind Acquisition,10.0,10.2,0.02,2020-12-04,9.91
CAPA,2020-09-04,HighCape Capital Acquisition,10.0,13.08,0.308,2020-12-04,11.5
INAQ,2020-09-03,INSU Acquisition II,10.0,18.0,0.8,2020-12-03,12.35
BCTG,2020-09-03,BCTG Acquisition,10.0,11.15,0.115,2020-12-03,10.972999999999999
CMLF,2020-09-02,CM Life Sciences,10.0,16.65,0.665,2020-12-02,10.6662
PRFX,2020-09-01,PainReform,8.0,5.67,-0.2913,2020-12-01,4.58
AUVI,2020-08-31,Applied UV,5.0,9.29,0.858,2020-11-30,5.18
HCDI,2020-08-28,Harbor Custom Development,6.0,3.5,-0.4167,2020-11-28,0
GP,2020-08-28,GreenPower Motor,20.0,27.41,0.3705,2020-11-28,0
XPEV,2020-08-27,XPeng,15.0,36.12,1.4080000000000001,2020-11-27,64.28
BTAQ,2020-08-27,Burgundy Technology Acquisition,10.0,10.06,0.006,2020-11-27,9.85
CFII,2020-08-27,CF Finance Acquisition II,10.0,9.19,-0.081,2020-11-27,10.01
FTOC,2020-08-26,FTAC Olympus Acquisition,10.0,11.59,0.159,2020-11-26,0
CLA,2020-08-21,Colonnade Acquisition,10.0,12.0,0.2,2020-11-21,0
FST,2020-08-21,Fast Acquisition,10.0,12.73,0.273,2020-11-21,0
KYMR,2020-08-21,Kymera Therapeutics,20.0,57.43,1.8715,2020-11-21,0
HZAC,2020-08-21,Horizon Acquisition,10.0,10.16,0.016,2020-11-21,0
NNOX,2020-08-21,Nano-X Imaging,18.0,48.79,1.7106,2020-11-21,0
HRMY,2020-08-19,Harmony Biosciences,24.0,30.77,0.2821,2020-11-19,42.53
INBX,2020-08-19,Inhibrx,17.0,23.55,0.3853,2020-11-19,23.64
BFT,2020-08-19,Foley Trasimene Acquisition II,10.0,16.0,0.6,2020-11-19,10.37
STPK,2020-08-18,Star Peak Energy Transition,10.0,31.99,2.199,2020-11-18,9.74
FIII,2020-08-18,Forum Merger III,10.0,10.26,0.026000000000000002,2020-11-18,9.8
AONE,2020-08-18,One,10.0,12.35,0.235,2020-11-18,10.18
NGA,2020-08-18,Northern Genesis Acquisition,10.0,19.08,0.9079999999999999,2020-11-18,10.3
LCAP,2020-08-14,Lionheart Acquisition II,10.0,9.87,-0.013000000000000001,2020-11-14,0
CVAC,2020-08-14,CureVac,16.0,94.29,4.8931,2020-11-14,0
DGNR,2020-08-14,Dragoneer Growth Opportunities,10.0,11.07,0.107,2020-11-14,0
DMYD,2020-08-14,dMY Technology Group II,10.0,16.79,0.679,2020-11-14,0
DCT,2020-08-14,Duck Creek Technologies,27.0,46.64,0.7274,2020-11-14,0
NTST,2020-08-13,NetSTREIT,18.0,18.47,0.0261,2020-11-13,18.3
BEKE,2020-08-13,KE Holdings,20.0,67.0,2.35,2020-11-13,72.53
RBAC,2020-08-13,Redball Acquisition,10.0,10.2,0.02,2020-11-13,10.22
FAII,2020-08-12,Fortress Value Acquisition II,10.0,10.04,0.004,2020-11-12,9.91
KBNT,2020-08-12,Kubient,5.0,7.9,0.58,2020-11-12,2.96
FSDC,2020-08-12,FS Development,10.0,12.66,0.266,2020-11-12,10.025
VMAC,2020-08-07,Vistas Media Acquisition,10.0,9.97,-0.003,2020-11-07,0
ARYA,2020-08-07,Arya Sciences Acquisition III,10.0,13.74,0.374,2020-11-07,0
CMPI,2020-08-07,Checkmate Pharmaceuticals,15.0,14.98,-0.0013,2020-11-07,0
FRLN,2020-08-07,Freeline Therapeutics,18.0,13.39,-0.2561,2020-11-07,0
IBEX,2020-08-07,IBEX Holdings,19.0,21.29,0.1205,2020-11-07,0
KSMT,2020-08-06,Kismet Acquisition One,10.0,9.9,-0.01,2020-11-06,9.74
GRSV,2020-08-06,Gores Holdings V,10.0,10.07,0.006999999999999999,2020-11-06,9.8
AFIB,2020-08-06,Acutus Medical,18.0,19.06,0.0589,2020-11-06,23.03
RKT,2020-08-06,Rocket Companies,18.0,24.5,0.3611,2020-11-06,21.31
OSH,2020-08-06,Oak Street Health,21.0,57.35,1.7309999999999999,2020-11-06,52.04
RXT,2020-08-05,Rackspace Technology,21.0,23.64,0.1257,2020-11-05,17.08
BOWX,2020-08-05,BowX Acquisition,10.0,9.95,-0.005,2020-11-05,9.8
BIGC,2020-08-05,BigCommerce,24.0,55.71,1.3213,2020-11-05,85.34
HOL,2020-08-05,Holicity,10.0,13.1,0.31,2020-11-05,9.75
GOAC,2020-08-05,GO Acquisition,10.0,10.0,0.0,2020-11-05,9.7
YAC,2020-08-04,Yucaipa Acquisition,10.0,9.96,-0.004,2020-11-04,9.65
HSAQ,2020-08-04,Health Sciences Acquisitions 2,10.0,10.98,0.098,2020-11-04,10.61
VITL,2020-07-31,Vital Farms,22.0,28.68,0.3036,2020-10-31,0
FTHM,2020-07-31,Fathom Holdings,10.0,42.94,3.2939999999999996,2020-10-31,0
ETAC,2020-07-31,E.merge Technology Acquisition,10.0,9.93,-0.006999999999999999,2020-10-31,0
NHIC,2020-07-31,NewHold Investment Corp.,10.0,10.5,0.05,2020-10-31,0
VSTA,2020-07-31,Vasta Platform,19.0,12.08,-0.3642,2020-10-31,0
PRPB,2020-07-31,CC Neuberger Principal Holdings II,10.0,10.15,0.015,2020-10-31,0
GOED,2020-07-31,1847 Goedeker,9.0,10.61,0.1789,2020-10-31,0
CCIV,2020-07-30,Churchill Capital Corp. IV,10.0,29.5,1.95,2020-10-30,9.63
LI,2020-07-30,Li Auto,11.5,25.43,1.2113,2020-10-30,20.17
ALVR,2020-07-30,AlloVir,17.0,27.78,0.6341,2020-10-30,26.43
VERX,2020-07-29,Vertex,19.0,25.67,0.3511,2020-10-29,24.46
ACEV,2020-07-28,ACE Convergence Acquisition,10.0,10.49,0.049,2020-10-28,9.65
ITOS,2020-07-24,iTeos Therapeutics,19.0,34.95,0.8395,2020-10-24,0
INZY,2020-07-24,Inozyme Pharma,16.0,22.14,0.3838,2020-10-24,0
ACND,2020-07-24,Ascendant Digital Acquisition,10.0,9.93,-0.006999999999999999,2020-10-24,0
ANNX,2020-07-24,Annexon Biosciences,17.0,31.54,0.8553,2020-10-24,0
GRCY,2020-07-24,Greencity Acquisition,10.0,10.06,0.006,2020-10-24,0
NRIX,2020-07-24,Nurix Therapeutics,19.0,45.96,1.4189,2020-10-24,0
EDTK,2020-07-23,Skillful Craftsman,5.0,3.6,-0.28,2020-10-23,3.31
ERES,2020-07-23,East Resources Acquisition,10.0,9.99,-0.001,2020-10-23,9.71
MEG,2020-07-23,Montrose Environmental Group,15.0,49.78,2.3187,2020-10-23,27.67
PSAC,2020-07-22,Property Solutions Acquisition,10.0,13.14,0.314,2020-10-22,9.72
PSTH,2020-07-22,Pershing Square Tontine Holdings,20.0,27.23,0.3615,2020-10-22,23.44
JAMF,2020-07-22,Jamf Holding,26.0,38.55,0.4827,2020-10-22,33.07
ALXO,2020-07-17,ALX Oncology Holdings,19.0,80.76,3.2505,2020-10-17,0
RNLX,2020-07-17,Renalytix AI,13.5,29.82,1.2089,2020-10-17,0
DFHT,2020-07-17,Deerfield Healthcare Technology Acquisitions,10.0,14.19,0.419,2020-10-17,0
BLI,2020-07-17,Berkeley Lights,22.0,54.87,1.4941,2020-10-17,0
PAND,2020-07-17,Pandion Therapeutics,18.0,59.95,2.3306,2020-10-17,0
TIG,2020-07-16,Trean Insurance Group,15.0,16.96,0.1307,2020-10-16,13.7
RLAY,2020-07-16,Relay Therapeutics,20.0,40.26,1.013,2020-10-16,40.57
GOCO,2020-07-15,GoHealth,21.0,11.65,-0.4452,2020-10-15,12.25
MLAC,2020-07-15,Malacca Straits Acquisition,10.0,9.94,-0.006,2020-10-15,9.745
DEH,2020-07-15,D8 Holdings,10.0,9.96,-0.004,2020-10-15,9.69
HPX,2020-07-15,HPX Corp.,10.0,10.0,0.0,2020-10-15,9.67
AACQ,2020-07-14,Artius Acquisition,10.0,10.35,0.035,2020-10-14,9.8
NCNO,2020-07-14,"nCino, Inc.",31.0,70.61,1.2777,2020-10-14,76.49
PTK,2020-07-13,PTK Acquisition,10.0,9.98,-0.002,2020-10-13,9.764
PSTX,2020-07-10,Poseida Therapeutics,16.0,11.4,-0.2875,2020-10-10,0
NKTX,2020-07-10,Nkarta,18.0,45.13,1.5072,2020-10-10,0
QH,2020-07-10,Quhuo,10.0,6.55,-0.345,2020-10-10,0
IVA,2020-07-10,Inventiva,14.4,13.8,-0.0417,2020-10-10,0
BLCT,2020-07-08,BlueCity Holdings,16.0,12.55,-0.2156,2020-10-08,9.79
TXAC,2020-07-08,Therapeutics Acquisition,10.0,12.96,0.29600000000000004,2020-10-08,14.25
RACA,2020-07-08,Therapeutics Acquisition,10.0,12.0,0.2,2020-10-08,14.25
LMND,2020-07-02,Lemonade,29.0,104.77,2.6128,2020-10-02,51.58
CPSR,2020-07-02,Capstar Special Purpose Acquisition,10.0,9.86,-0.013999999999999999,2020-10-02,9.855
ACCD,2020-07-02,Accolade,22.0,47.24,1.1473,2020-10-02,38.74
PANA,2020-07-01,Panacea Acquisition,10.0,10.42,0.042,2020-10-01,11.125
DNB,2020-07-01,Dun & Bradstreet,22.0,24.49,0.1132,2020-10-01,25.39
GSAH,2020-06-30,GS Acquisition Holdings II,10.0,11.28,0.128,2020-09-30,10.76
ADTX,2020-06-30,Aditx Therapeutics,9.0,3.46,-0.6156,2020-09-30,1.95
API,2020-06-26,Agora,20.0,59.63,1.9815,2020-09-26,0
ACI,2020-06-26,Albertsons Companies,16.0,18.72,0.17,2020-09-26,0
FUSE,2020-06-26,Fusion Acquisition,10.0,10.39,0.039,2020-09-26,0
KCAC,2020-06-26,Kensington Capital Acquisition,10.0,23.5,1.35,2020-09-26,0
PYPD,2020-06-26,PolyPid,16.0,10.48,-0.345,2020-09-26,0
EBON,2020-06-26,Ebang International,5.23,11.78,1.2524,2020-09-26,0
FUSN,2020-06-26,Fusion Pharmaceuticals,17.0,11.51,-0.3229,2020-09-26,0
AKUS,2020-06-26,Akouos,17.0,20.76,0.2212,2020-09-26,0
BRLI,2020-06-24,Brilliant Acquisition,10.0,9.93,-0.006999999999999999,2020-09-24,9.76
GTH,2020-06-19,Genetron Holdings,16.0,23.64,0.4775,2020-09-19,0
NUZE,2020-06-19,"NuZee, Inc.",9.0,5.5,-0.3889,2020-09-19,0
RPTX,2020-06-19,Repare Therapeutics,20.0,29.25,0.4625,2020-09-19,0
PROG,2020-06-19,Progenity,15.0,4.98,-0.6679999999999999,2020-09-19,0
FMTX,2020-06-19,Forma Therapeutics,20.0,35.49,0.7745,2020-09-19,0
TREB,2020-06-17,Trebia Acquisition,10.0,10.54,0.054000000000000006,2020-09-17,10.3
RPRX,2020-06-16,Royalty Pharma,28.0,48.62,0.7364,2020-09-16,40.61
BNR,2020-06-12,Burning Rock Biotech,16.5,25.06,0.5188,2020-09-12,0
AZEK,2020-06-12,AZEK Company,23.0,44.4,0.9304,2020-09-12,0
PCVX,2020-06-12,Vaxcyte,16.0,27.25,0.7031,2020-09-12,0
RNA,2020-06-12,Avidity Biosciences,18.0,26.52,0.4733,2020-09-12,0
GBIO,2020-06-12,Generation Bio,19.0,34.4,0.8105,2020-09-12,0
LTRN,2020-06-11,Lantern Pharma,15.0,21.92,0.4613,2020-09-11,19.24
UCL,2020-06-10,uCloudlink Group,18.0,10.59,-0.4117,2020-09-10,13.5829
HEC,2020-06-09,Hudson Executive Investment Corp.,10.0,10.13,0.013000000000000001,2020-09-09,9.8
VRM,2020-06-09,Vroom,22.0,37.23,0.6923,2020-09-09,57.2
LEGN,2020-06-05,Legend Biotech,23.0,28.31,0.2309,2020-09-05,0
MCAC,2020-06-05,Mountain Crest Acquisition,10.0,13.34,0.33399999999999996,2020-09-05,0
AMTI,2020-06-05,Applied Molecular Transport,14.0,67.66,3.8329,2020-09-05,0
CALT,2020-06-05,Calliditas Therapeutics,19.5,29.82,0.5292,2020-09-05,0
FOUR,2020-06-05,Shift4 Payments,23.0,89.25,2.8804,2020-09-05,0
ARYB,2020-06-05,ARYA Sciences Acquisition II,10.0,10.1,0.01,2020-09-05,0
DADA,2020-06-05,Dada Nexus,16.0,31.14,0.9463,2020-09-05,0
ZI,2020-06-04,ZoomInfo Technologies,21.0,48.53,1.311,2020-09-04,32.61
WMG,2020-06-03,Warner Music Group,25.0,34.55,0.382,2020-09-03,28.6
PLRX,2020-06-03,Pliant Therapeutics,16.0,40.0,1.5,2020-09-03,24.31
WPF,2020-05-27,Foley Trasimene Acquisition,10.0,10.29,0.028999999999999998,2020-08-27,10.18
NARI,2020-05-22,Inari Medical,19.0,108.34,4.7021,2020-08-22,0
LGVW,2020-05-21,Longview Acquisition,10.0,23.05,1.305,2020-08-21,9.8
SLQT,2020-05-21,SelectQuote,20.0,29.39,0.4695,2020-08-21,19.78
BMRG,2020-05-20,B. Riley Principal Merger II,10.0,10.68,0.068,2020-08-20,10.09
NOVS,2020-05-15,Novus Capital,10.0,24.95,1.495,2020-08-15,0
ADCT,2020-05-15,ADC Therapeutics SA,19.0,29.4,0.5474,2020-08-15,0
GIK,2020-05-14,GigCapital3,10.0,12.02,0.20199999999999999,2020-08-14,9.93
JWS,2020-05-14,Jaws Acquisition,10.0,13.13,0.313,2020-08-14,10.18
CLEU,2020-05-08,China Liberal Education Holdings,6.0,4.06,-0.3233,2020-08-08,0
KC,2020-05-08,Kingsoft Cloud Holdings,17.0,47.43,1.79,2020-08-08,0
AYLA,2020-05-08,Ayala Pharmaceuticals,15.0,13.6,-0.0933,2020-08-08,0
LOAK,2020-05-06,Live Oak Acquisition,10.0,24.2,1.42,2020-08-06,9.98
SOAC,2020-05-06,Sustainable Opportunities Acquisition,10.0,10.18,0.018000000000000002,2020-08-06,9.95
GAN,2020-05-05,GAN Limited,8.5,28.29,2.3282,2020-08-05,20.3
ROCH,2020-05-05,Roth CH Acquisition I,10.0,28.9,1.89,2020-08-05,9.88
CGRO,2020-05-01,Collective Growth,10.0,11.3,0.13,2020-08-01,0
LYRA,2020-05-01,Lyra Therapeutics,16.0,14.02,-0.1238,2020-08-01,0
FVAC,2020-04-30,Fortress Value Acquisition,10.0,14.39,0.439,2020-07-30,12.12
IPOB,2020-04-28,Social Capital Hedosophia II,10.0,29.5,1.95,2020-07-28,11.87
ORIC,2020-04-24,Oric Pharmaceuticals,16.0,28.81,0.8006,2020-07-24,22.1
PCPL,2020-04-24,CC Neuberger Principal Holdings I,10.0,10.98,0.098,2020-07-24,10.55
CHAQ,2020-04-24,Chardan Healthcare Acquisition 2,10.0,10.02,0.002,2020-07-24,10.1843
IPOC,2020-04-22,Social Capital Hedosophia III,10.0,16.02,0.602,2020-07-22,0
KROS,2020-04-08,Keros Therapeutics,16.0,59.75,2.7344,2020-07-08,34.4
ZNTL,2020-04-03,Zentalis Pharmaceuticals,18.0,46.15,1.5639,2020-07-03,0
WIMI,2020-04-01,WiMi Hologram Cloud,5.5,8.96,0.6291,2020-07-01,3.44
IMRA,2020-03-12,IMARA Inc.,16.0,10.4,-0.35,2020-06-12,45.75
DFPH,2020-03-11,DFP Healthcare Acquisitions,10.0,10.05,0.005,2020-06-11,9.76
LSAC,2020-03-06,LifeSci Acquisition,10.0,19.0,0.9,2020-06-06,0
FEAC,2020-03-06,Flying Eagle Acquisition,10.0,17.68,0.768,2020-06-06,0
GFL,2020-03-03,GFL Environmental,19.0,33.07,0.7405,2020-06-03,19.13
PASG,2020-02-28,Passage Bio,18.0,20.65,0.1472,2020-05-28,23.0
ZCMD,2020-02-24,Zhongchao,4.0,2.66,-0.335,2020-05-24,0
DMYT,2020-02-21,dMY Technology Group,10.0,22.76,1.276,2020-05-21,9.75
ESSC,2020-02-20,East Stone Acquisition,10.0,9.98,-0.002,2020-05-20,9.72
CCXX,2020-02-14,Churchill Capital III,10.0,9.84,-0.016,2020-05-14,10.09
NBAC,2020-02-14,Newborn Acquisition,10.0,15.66,0.5660000000000001,2020-05-14,9.84
MEDS,2020-02-13,Trxade Group,6.5,6.49,-0.0015,2020-05-13,5.97
ZGYH,2020-02-13,Yunhong International,10.0,9.99,-0.001,2020-05-13,9.74
RVMD,2020-02-13,Revolution Medicines,17.0,49.54,1.9141,2020-05-13,34.39
GRIL,2020-02-13,Muscle Maker,5.0,2.4,-0.52,2020-05-13,1.8332
HUIZ,2020-02-12,Huize Holding,10.5,10.56,0.0057,2020-05-12,6.9
CCAC,2020-02-11,CITIC Capital Acquisition,10.0,10.44,0.044000000000000004,2020-05-11,9.75
GNRS,2020-02-11,Greenrose Acquisition,10.0,9.95,-0.005,2020-05-11,0
PFHD,2020-02-07,Professional Holding,18.5,17.11,-0.0751,2020-05-07,15.28
ONEW,2020-02-07,OneWater Marine,12.0,42.48,2.54,2020-05-07,12.3
NREF,2020-02-07,NexPoint Real Estate Finance,19.0,18.74,-0.0137,2020-05-07,12.0
SDGR,2020-02-06,Schrodinger,17.0,81.25,3.7794,2020-05-06,47.89
BEAM,2020-02-06,Beam Therapeutics,17.0,97.8,4.7529,2020-05-06,16.08
CSPR,2020-02-06,Casper Sleep,12.0,8.25,-0.3125,2020-05-06,6.33
PPD,2020-02-06,"PPD, Inc.",27.0,38.06,0.4096,2020-05-06,24.43
ONEM,2020-01-31,1Life Healthcare,14.0,42.17,2.0121,2020-04-30,24.67
REYN,2020-01-31,Reynolds Consumer Products,26.0,30.01,0.1542,2020-04-30,32.43
ARQT,2020-01-31,Arcutis Biotherapeutics,17.0,32.34,0.9024,2020-04-30,29.72
ANPC,2020-01-30,AnPac Bio-Medical Science,12.0,7.15,-0.4042,2020-04-30,7.5
BDTX,2020-01-30,Black Diamond Therapeutics,19.0,25.85,0.3605,2020-04-30,37.04
ANVS,2020-01-29,Annovis Bio,6.0,38.44,5.4067,2020-04-29,3.66
SCVX,2020-01-24,SCVX Corp.,10.0,9.95,-0.005,2020-04-24,9.8
GHIV,2020-01-24,Gores Holdings IV,10.0,11.54,0.154,2020-04-24,9.77
VEL,2020-01-17,Velocity Financial,13.0,9.01,-0.3069,2020-04-17,3.1
IMAB,2020-01-17,I-Mab,14.0,56.69,3.0493,2020-04-17,13.8
LIZI,2020-01-17,Lizhi Inc.,11.0,12.35,0.1227,2020-04-17,4.8
DNK,2020-01-17,Phoenix Tree Holdings,13.5,2.37,-0.8247,2020-04-17,7.16
MKD,2019-12-30,Molecular Data,5.38,1.25,-0.7677,2020-03-30,1.9772
MNPR,2019-12-19,Monopar Therapeutics,8.0,7.05,-0.1188,2020-03-19,7.0
INDO,2019-12-19,Indonesia Energy,11.0,7.01,-0.3627,2020-03-19,2.0
CIIC,2019-12-13,CIIG Merger,10.0,24.35,1.435,2020-03-13,9.75
HCCO,2019-12-13,Healthcare Merger Corp,10.0,8.97,-0.10300000000000001,2020-03-13,9.94
SPT,2019-12-13,Sprout Social,17.0,61.0,2.5882,2020-03-13,15.33
OCFT,2019-12-13,OneConnect Financial Technology,10.0,15.78,0.578,2020-03-13,11.73
BILL,2019-12-12,Bill.com,22.0,146.34,5.6518,2020-03-12,40.12
EH,2019-12-12,EHang Holdings,12.5,46.31,2.7048,2020-03-12,10.84
XP,2019-12-11,XP Inc.,27.0,39.64,0.4681,2020-03-11,23.24
LIVK,2019-12-11,LIV Capital Acquisition,10.0,9.98,-0.002,2020-03-11,9.92
LMPX,2019-12-05,LMP Automotive Holdings,5.0,19.78,2.9560000000000004,2020-03-05,10.12
ALUS,2019-11-26,Alussa Energy Acquisition,10.0,10.34,0.034,2020-02-26,9.91
CHPM,2019-11-22,CHP Merger,10.0,10.0,0.0,2020-02-22,0
PINE,2019-11-22,Alpine Income Property Trust,19.0,17.27,-0.0911,2020-02-22,0
PTAC,2019-11-22,PropTech Acquisition,10.0,14.81,0.48100000000000004,2020-02-22,0
SITM,2019-11-21,SiTime,13.0,102.9,6.9154,2020-02-21,30.43
CAN,2019-11-21,Canaan,9.0,27.62,2.0689,2020-02-21,5.86
SAQN,2019-11-20,Software Acquisition Group,10.0,10.1,0.01,2020-02-20,9.96
AMHC,2019-11-20,Amplitude Healthcare Acquisition,10.0,9.9,-0.01,2020-02-20,9.9324
GRNV,2019-11-19,Greenvision Acquisition,10.0,10.16,0.016,2020-02-19,10.01
YAYO,2019-11-13,Rideshare Rental,4.0,3.7,-0.0763,2020-02-13,0.3452
ETNB,2019-11-11,89bio,16.0,25.09,0.5681,2020-02-11,28.6
SRAC,2019-11-08,Stable Road Acquisition,10.0,15.08,0.508,2020-02-08,0
KRKR,2019-11-08,36Kr Holdings,14.5,3.95,-0.7276,2020-02-08,0
JIH,2019-11-08,Juniper Industrial Holdings,10.0,12.25,0.225,2020-02-08,0
TELA,2019-11-08,TELA Bio,13.0,15.74,0.2108,2020-02-08,0
CNSP,2019-11-08,CNS Pharmaceuticals,4.0,2.7,-0.325,2020-02-08,0
MOHO,2019-11-08,ECMOHO Limited,10.0,2.46,-0.754,2020-02-08,0
CNTG,2019-11-07,Centogene,14.0,13.0,-0.0714,2020-02-07,10.13
DFNS,2019-11-07,LGL Systems Acquisition,10.0,9.98,-0.002,2020-02-07,0
GRTX,2019-11-07,Galera Therapeutics,12.0,11.67,-0.0275,2020-02-07,13.53
SI,2019-11-07,Silvergate Capital,12.0,160.36,12.36,2020-02-07,16.25
MCMJ,2019-11-05,Merida Merger Corp. I,10.0,10.0,0.0,2020-02-05,0
QK,2019-11-05,Q&K International Group,17.0,3.07,-0.8194,2020-02-05,12.49
DUO,2019-11-01,Fangdd Network Group,13.0,7.37,-0.4331,2020-02-01,0
FSRV,2019-11-01,Finserv Acquisition,10.0,13.8,0.38,2020-02-01,0
SFTW,2019-11-01,Osprey Technology Acquisition,10.0,10.54,0.054000000000000006,2020-02-01,0
RAPT,2019-10-31,Rapt Therapeutics,12.0,23.46,0.955,2020-01-31,44.29
OYST,2019-10-31,Oyster Point Pharma,16.0,22.43,0.4019,2020-01-31,31.5
PHAT,2019-10-25,Phathom Pharmaceuticals,19.0,43.46,1.2874,2020-01-25,0
PGNY,2019-10-25,Progyny,13.0,47.13,2.6254,2020-01-25,0
TFFP,2019-10-25,TFF Pharmaceuticals,5.0,15.83,2.166,2020-01-25,0
DAO,2019-10-25,Youdao,17.0,33.29,0.9582,2020-01-25,0
AIH,2019-10-25,Aesthetic Medical International,12.0,7.7,-0.3583,2020-01-25,0
CABA,2019-10-25,Cabaletta Bio,11.0,11.31,0.0282,2020-01-25,0
HAPP,2019-10-25,Happiness Biotech Group,5.5,2.13,-0.6127,2020-01-25,0
BRP,2019-10-24,BRP Group,14.0,27.18,0.9414,2020-01-24,16.25
GLEO,2019-10-18,Galileo Acquisition,10.0,9.99,-0.001,2020-01-18,0
LATN,2019-10-18,Union Acquisition Corp. II,10.0,10.01,0.001,2020-01-18,0
IPHA,2019-10-17,Innate Pharma,5.5,4.5,-0.1818,2020-01-17,7.605
BRBR,2019-10-17,Bellring Brands,14.0,24.98,0.7843,2020-01-17,22.56
VIR,2019-10-11,Vir Biotechnology,20.0,53.67,1.6835,2020-01-11,0
HBT,2019-10-11,HBT Financial,16.0,17.83,0.1144,2020-01-11,0
BNTX,2019-10-10,BioNTech SE,15.0,107.59,6.1727,2020-01-10,39.68
VIE,2019-10-03,Viela Bio,19.0,53.01,1.79,2020-01-03,25.71
MCBS,2019-10-03,MetroCity Bankshares,13.5,16.16,0.19699999999999998,2020-01-03,17.73
FREQ,2019-10-03,Frequency Therapeutics,14.0,34.25,1.4464,2020-01-03,16.67
APRE,2019-10-03,Aprea Therapeutics,15.0,5.7,-0.62,2020-01-03,41.0
PTON,2019-09-26,Peloton Interactive,29.0,108.31,2.7348,2019-12-26,27.0
OPRT,2019-09-26,Oportun Financial,15.0,21.1,0.4067,2019-12-26,24.75
PING,2019-09-19,Ping Identity,15.0,23.11,0.5407,2019-12-19,23.32
DDOG,2019-09-19,Datadog,27.0,84.03,2.1122,2019-12-19,38.1
XGN,2019-09-19,Exagen,14.0,20.0,0.4286,2019-12-19,21.64
IGMS,2019-09-18,IGM Biosciences,16.0,91.1,4.6938,2019-12-18,34.39
NVST,2019-09-18,Envista Holdings,22.0,41.44,0.8836,2019-12-18,28.67
APXT,2019-09-17,Apex Technology Acquisition,10.0,12.42,0.242,2019-12-17,10.43
SWTX,2019-09-13,Springworks Therapeutics,18.0,68.2,2.7889,2019-12-13,28.9
NET,2019-09-13,Cloudflare,15.0,71.69,3.7793,2019-12-13,17.95
STSA,2019-09-13,Satsuma Pharmaceuticals,15.0,6.25,-0.5833,2019-12-13,13.93
EXPC,2019-09-13,Experience Investment,10.0,11.92,0.192,2019-12-13,9.82
ALRS,2019-09-13,Alerus Financial,21.0,34.25,0.631,2019-12-13,22.83
TXG,2019-09-12,10X Genomics,39.0,177.76,3.5579,2019-12-12,61.54
SDC,2019-09-12,SmileDirectClub,23.0,11.15,-0.5152,2019-12-12,7.8
NPA,2019-09-11,New Providence Acquisition,10.0,12.48,0.248,2019-12-11,9.83
JFU,2019-08-15,9F Inc.,9.5,2.09,-0.78,2019-11-15,11.02
CFB,2019-08-15,CrossFirst Bankshares,14.5,14.47,-0.0021,2019-11-15,13.15
PLIN,2019-08-14,China Xiangtai Food,5.0,1.13,-0.774,2019-11-14,4.11
THBR,2019-08-09,Thunder Bridge Acquisition II,10.0,10.48,0.048,2019-11-09,0
SSPK,2019-08-08,Silver Spike Acquisition,10.0,19.64,0.9640000000000001,2019-11-08,9.86
INMD,2019-08-08,InMode,14.0,71.06,4.0757,2019-11-08,40.44
HKIB,2019-08-05,AMTD International,8.38,7.06,-0.1575,2019-11-05,8.3
ORSN,2019-08-02,Orisun Acquisition,10.0,8.17,-0.183,2019-11-02,0
KRUS,2019-08-01,Kura Sushi USA,14.0,36.25,1.5893,2019-11-01,18.58
SNDL,2019-08-01,Sundial Growers,13.0,1.49,-0.8854,2019-11-01,3.19
DT,2019-08-01,Dynatrace,16.0,50.9,2.1813,2019-11-01,21.15
NFIN,2019-07-31,Netfin Acquisition,10.0,11.4,0.14,2019-10-31,9.85
BORR,2019-07-31,Borr Drilling,9.3,1.14,-0.8774,2019-10-31,6.55
VIST,2019-07-26,Vista Oil & Gas,9.0,2.83,-0.6856,2019-10-26,0
CCX,2019-07-26,Churchill Capital Corp II,10.0,10.03,0.003,2019-10-26,0
BHAT,2019-07-26,Blue Hat Interactive,4.0,1.52,-0.62,2019-10-26,0
SBE,2019-07-26,Switchback Energy Acquisition,10.0,30.83,2.083,2019-10-26,0
WSG,2019-07-26,Wanda Sports Group,8.0,2.5,-0.6881,2019-10-26,0
HCAT,2019-07-25,Health Catalyst,26.0,46.96,0.8062,2019-10-25,29.77
NOVA,2019-07-25,Sunnova Energy,12.0,35.53,1.9608,2019-10-25,10.81
LVGO,2019-07-25,Livongo Health,28.0,139.77,3.9918,2019-10-25,21.17
CSTL,2019-07-25,Castle Biosciences,16.0,66.53,3.1581,2019-10-25,18.11
PROS,2019-07-25,ProSight Global,14.0,12.6,-0.1,2019-10-25,15.6
EIC,2019-07-24,Eagle Point Income,19.0,15.35,-0.1921,2019-10-24,19.08
MDLA,2019-07-19,Medallia,21.0,28.32,0.3486,2019-10-19,0
IFS,2019-07-19,Intercorp Financial Services,46.0,29.44,-0.36,2019-10-19,0
AFYA,2019-07-19,Afya,19.0,20.64,0.0863,2019-10-19,0
PHR,2019-07-18,Phreesia,17.0,55.18,2.2459,2019-10-18,28.03
MIRM,2019-07-18,Mirum Pharmaceuticals,15.0,19.64,0.3093,2019-10-18,7.97
CPAA,2019-07-18,Conyers Park II Acquisition,10.0,8.86,-0.114,2019-10-18,10.1
ORCC,2019-07-18,Owl Rock Capital,15.3,14.24,-0.0693,2019-10-18,16.96
AMK,2019-07-18,AssetMark Financial,22.0,23.13,0.0514,2019-10-18,27.16
OAC,2019-07-18,Oaktree Acquisition,10.0,16.38,0.638,2019-10-18,9.85
FULC,2019-07-18,Fulcrum Therapeutics,16.0,11.36,-0.29,2019-10-18,4.57
IHRT,2019-07-18,iHeartMedia,17.0,18.09,0.0641,2019-10-18,14.5
DOYU,2019-07-17,DouYu,11.5,13.17,0.1452,2019-10-17,7.37
SCPE,2019-07-12,SC Health,10.0,10.11,0.011000000000000001,2019-10-12,0
PIC,2019-07-12,Pivotal Investment II,10.0,19.54,0.9540000000000001,2019-10-12,0
THCA,2019-07-12,Tuscan Holdings Corp. II,10.0,10.12,0.012,2019-10-12,0
RMBI,2019-07-02,Richmond Mutual Bancorporation,10.0,14.35,0.435,2019-10-02,13.77
KRTX,2019-06-28,Karuna Therapeutics,16.0,116.69,6.2931,2019-09-28,0
REAL,2019-06-28,"RealReal, Inc",20.0,23.32,0.166,2019-09-28,0
MORF,2019-06-27,Morphic Holding,15.0,64.51,3.3007,2019-09-27,17.9
ADPT,2019-06-27,Adaptive Biotechnologies,20.0,41.89,1.0945,2019-09-27,30.31
CHNG,2019-06-27,Change Healthcare,13.0,22.75,0.75,2019-09-27,11.78
BBIO,2019-06-27,BridgeBio Pharma,17.0,67.66,2.98,2019-09-27,20.13
LINX,2019-06-26,Linx S.A.,9.4,6.7,-0.2872,2019-09-26,7.92
CMBM,2019-06-26,Cambium Networks,12.0,49.48,3.1233,2019-09-26,9.75
AKRO,2019-06-20,Akero Therapeutics,16.0,31.73,0.9831,2019-09-20,18.88
PSNL,2019-06-20,Personalis,17.0,25.01,0.4712,2019-09-20,16.41
GO,2019-06-20,Grocery Outlet,22.0,36.26,0.6482,2019-09-20,38.08
BCEL,2019-06-20,Atreca,17.0,15.99,-0.0594,2019-09-20,11.66
WORK,2019-06-20,Slack Technologies,26.0,40.8,0.5692,2019-09-20,25.37
PRVL,2019-06-20,Prevail Therapeutics,17.0,23.0,0.3529,2019-09-20,13.56
SMMC,2019-06-20,South Mountain Merger,10.0,16.8,0.68,2019-09-20,9.76
STOK,2019-06-19,Stoke Therapeutics,18.0,47.9,1.6611,2019-09-19,22.05
CHWY,2019-06-14,Chewy,22.0,82.53,2.7514,2019-09-14,0
FVRR,2019-06-13,Fiverr International,21.0,224.93,9.711,2019-09-13,19.27
MWK,2019-06-12,Mohawk Group Holdings,10.0,35.45,2.545,2019-09-12,7.49
CRWD,2019-06-12,CrowdStrike,34.0,194.63,4.7244,2019-09-12,69.66
RVLV,2019-06-07,Revolve Group,18.0,52.28,1.9044,2019-09-07,0
HYAC,2019-06-07,Haymaker Acquisition II,10.0,9.52,-0.048,2019-09-07,0
GIX,2019-06-06,GigCapital2,10.0,10.02,0.002,2019-09-06,9.83
GSX,2019-06-06,GSX Techedu,10.5,86.6,7.2476,2019-09-06,12.3
BCYC,2019-05-23,Bicycle Therapeutics,14.0,26.0,0.8571,2019-08-23,7.03
RTLR,2019-05-23,Rattler Midstream,17.5,11.43,-0.3469,2019-08-23,17.52
IDYA,2019-05-23,IDEAYA Biosciences,10.0,22.58,1.258,2019-08-23,6.36
GXGX,2019-05-21,GX Acquisition,10.0,10.07,0.006999999999999999,2019-08-21,0
FSLY,2019-05-17,Fastly,16.0,70.8,3.425,2019-08-17,0
AVTR,2019-05-17,Avantor,14.0,28.7,1.05,2019-08-17,0
LKNCY,2019-05-17,Luckin Coffee,17.0,9.99,-0.4124,2019-08-17,0
PSTL,2019-05-15,Postal Realty Trust,17.0,15.92,-0.0635,2019-08-15,14.9
APLT,2019-05-14,Applied Therapeutics,10.0,20.33,1.033,2019-08-14,8.83
AGBA,2019-05-14,AGBA Acquisition,10.0,10.55,0.055,2019-08-14,10.0
SONM,2019-05-10,Sonim Technologies,11.0,0.98,-0.9111,2019-08-10,0
UBER,2019-05-10,Uber Technologies,45.0,57.08,0.2684,2019-08-10,0
JFIN,2019-05-10,Jiayin Group,10.5,8.22,-0.2171,2019-08-10,0
MEC,2019-05-09,Mayville Engineering,17.0,16.4,-0.0353,2019-08-09,11.49
CRTX,2019-05-09,Cortexyme,17.0,36.5,1.1471,2019-08-09,27.69
SPFI,2019-05-09,South Plains Financial,17.5,24.41,0.3949,2019-08-09,16.87
NXTC,2019-05-09,NextCure,15.0,11.93,-0.2047,2019-08-09,23.91
AXLA,2019-05-09,Axcella Health,20.0,5.42,-0.7290000000000001,2019-08-09,7.26
HHR,2019-05-09,Headhunter Group,13.5,36.07,1.6719,2019-08-09,18.6
PSN,2019-05-08,Parsons,27.0,37.7,0.3963,2019-08-08,37.28
LCA,2019-05-07,Landcadia Holdings II,10.0,25.49,1.5490000000000002,2019-08-07,9.82
TRVI,2019-05-07,Trevi Therapeutics,10.0,2.75,-0.725,2019-08-07,4.87
TBBA,2019-05-06,TEB Bancorp,10.0,9.28,-0.0725,2019-08-06,8.05
SCPL,2019-05-03,SciPlay,16.0,15.99,-0.0006,2019-08-03,0
YJ,2019-05-03,Yunji,11.0,2.63,-0.7609,2019-08-03,0
RRBI,2019-05-03,Red River Bancshares,45.0,60.89,0.3531,2019-08-03,0
ATIF,2019-05-03,ATIF Holdings,5.0,1.59,-0.682,2019-08-03,0
BYND,2019-05-02,Beyond Meat,25.0,139.39,4.5756,2019-08-02,177.11
SY,2019-05-02,So-Young International,13.8,12.03,-0.1283,2019-08-02,14.39
TMDX,2019-05-02,TransMedics Group,16.0,44.29,1.7681,2019-08-02,23.26
WAFU,2019-04-30,Wah Fu Education Group,5.0,5.94,0.188,2019-07-30,2.9599
HOOK,2019-04-18,HOOKIPA Pharma,14.0,14.7,0.05,2019-07-18,7.16
PINS,2019-04-18,Pinterest,19.0,73.01,2.8426,2019-07-18,25.78
ZM,2019-04-18,Zoom Video Communications,36.0,326.26,8.0628,2019-07-18,95.19
GNLN,2019-04-18,Greenlane Holdings,17.0,5.53,-0.6747,2019-07-18,8.25
MNRL,2019-04-18,Brigham Minerals,18.0,15.18,-0.1567,2019-07-18,20.11
PLMR,2019-04-17,Palomar Holdings,15.0,69.97,3.6647,2019-07-17,24.84
TPTX,2019-04-17,Turning Point Therapeutics,18.0,105.72,4.8733,2019-07-17,41.82
BWAY,2019-04-17,Brainsway,11.0,8.48,-0.2291,2019-07-17,10.28
JMIA,2019-04-12,Jumia Technologies AG,14.5,42.14,1.9062,2019-07-12,24.54
TUFN,2019-04-11,Tufin Software Technologies,14.0,11.19,-0.2007,2019-07-11,29.03
PD,2019-04-11,PagerDuty,24.0,41.18,0.7158,2019-07-11,49.4
GHSI,2019-04-05,Guardion Health Sciences,4.0,2.62,-0.345,2019-07-05,1.23
SILK,2019-04-04,Silk Road Medical,20.0,49.12,1.456,2019-07-04,0
RPLA,2019-04-04,Replay Acquisition,10.0,10.15,0.015,2019-07-04,0
NGM,2019-04-04,NGM Biopharmaceuticals,16.0,30.18,0.8863,2019-07-04,0
TW,2019-04-04,Tradeweb Markets,27.0,73.71,1.73,2019-07-04,0
RUHN,2019-04-03,Ruhnn Holding,12.5,3.39,-0.7292,2019-07-03,3.59
PBTS,2019-04-02,Powerbridge Technologies,5.0,3.68,-0.264,2019-07-02,3.74
LYFT,2019-03-29,Lyft,72.0,66.56,-0.0756,2019-06-29,0
PUYI,2019-03-29,Puyi Inc.,6.0,5.56,-0.0733,2019-06-29,0
DTIL,2019-03-28,Precision BioSciences,16.0,11.09,-0.3069,2019-06-28,13.25
JFK,2019-03-28,8i Enterprises Acquisition,10.0,9.0,-0.1,2019-06-28,9.9005
WTRE,2019-03-28,Watford Holdings,25.26,34.9,0.3816,2019-06-28,27.42
GNFT,2019-03-27,Genfit,22.0,4.81,-0.7814,2019-06-27,19.98
LEVI,2019-03-21,Levi Strauss & Co.,17.0,25.01,0.4712,2019-06-21,21.76
INSU,2019-03-20,Insurance Acquisition,10.0,11.66,0.166,2019-06-20,0
TIGR,2019-03-20,UP Fintech Holding,8.0,20.76,1.595,2019-06-20,5.32
TRNE,2019-03-15,Trine Acquisition,10.0,24.77,1.4769999999999999,2019-06-15,0
FUTU,2019-03-08,Futu Holdings,12.0,131.78,9.9817,2019-06-08,0
CRSA,2019-03-08,Crescent Acquisition,10.0,10.06,0.006,2019-06-08,0
SWAV,2019-03-07,ShockWave Medical,17.0,119.13,6.0076,2019-06-07,62.91
THCB,2019-03-05,Tuscan Holdings,10.0,13.96,0.396,2019-06-05,9.79
HCAC,2019-03-01,Hennessy Capital Acquisition Corp IV,10.0,19.49,0.9490000000000001,2019-06-01,0
KLDO,2019-02-28,Kaleido Biosciences,15.0,10.9,-0.2733,2019-05-28,16.29
SHLL,2019-02-28,Tortoise Acquisition Corp.,10.0,44.91,3.491,2019-05-28,9.69
DPHC,2019-02-28,DiamondPeak Holdings,10.0,18.21,0.821,2019-05-28,9.81
SLGG,2019-02-26,Super League Gaming,11.0,10.14,-0.0782,2019-05-26,0
ACAM,2019-02-22,Acamar Partners Acquisition,10.0,12.3,0.23,2019-05-22,9.75
SOLY,2019-02-19,Soliton,5.0,17.38,2.476,2019-05-19,0
AREC,2019-02-15,American Resources,4.0,4.56,0.14,2019-05-15,3.4899
MITO,2019-02-15,Stealth BioTherapeutics,12.0,1.98,-0.835,2019-05-15,14.0
HOTH,2019-02-15,Hoth Therapeutics,5.6,2.21,-0.6054,2019-05-15,5.94
TCRR,2019-02-14,TCR2 Therapeutics,15.0,23.7,0.58,2019-05-14,15.62
IMAC,2019-02-13,IMAC Holdings,5.13,2.06,-0.598,2019-05-13,3.98
ANCN,2019-02-12,Anchiano Therapeutics,11.5,75.36,5.553,2019-05-12,0
HARP,2019-02-08,Harpoon Therapeutics,14.0,19.07,0.3621,2019-05-08,10.41
RMG,2019-02-08,RMG Acquisition,10.0,27.0,1.7,2019-05-08,9.74
GOSS,2019-02-08,Gossamer Bio,16.0,9.38,-0.4138,2019-05-08,18.17
MNCL,2019-02-07,Monocle Acquisition,10.0,12.2,0.22,2019-05-07,9.85
ALEC,2019-02-07,Alector,19.0,21.02,0.1063,2019-05-07,18.74
IPV,2019-02-04,InterPrivate Acquisition,10.0,13.04,0.304,2019-05-04,0
INMB,2019-02-04,Inmune Bio,8.0,13.93,0.7413,2019-05-04,0
GMHI,2019-02-01,Gores Metropoulos,10.0,18.0,0.8,2019-05-01,9.83
NFE,2019-01-31,New Fortress Energy,14.0,52.0,2.7143,2019-04-30,12.56
ANDA,2019-01-29,Andina Acquisition III,10.0,10.66,0.066,2019-04-29,9.83
RBKB,2019-01-17,Rhinebeck Bancorp,10.0,10.49,0.049,2019-04-17,11.66
BCOW,2019-01-09,1895 Bancorp of Wisconsin,10.0,14.94,0.494,2019-04-09,9.67
MDJH,2019-01-08,MDJM Ltd.,5.0,4.25,-0.15,2019-04-08,3.4730000000000003
MTC,2019-01-08,"MMTec, Inc.",4.0,2.83,-0.2925,2019-04-08,4.3301
SXTC,2019-01-04,China SXT Pharmaceuticals,4.0,2.03,-0.4925,2019-04-04,6.42
